"scenario","year","input","S","T"
"ssp126",2020,"aPhi",0.025725097626088,0.0584569104435066
"ssp126",2020,"n",-0.00626727805587561,0.0123826578361894
"ssp126",2020,"m",-0.00314867520741155,0.0192220128888086
"ssp126",2020,"uf",-0.0101065964466062,0.00357831413965093
"ssp126",2020,"gamma",0.0687327979920327,0.276083434345867
"ssp126",2020,"UMV",-0.0105256233084118,0.00318952453588084
"ssp126",2020,"forcing",0.647196940880753,0.879309963108108
"ssp126",2025,"aPhi",0.0163229849372419,0.0426330189155071
"ssp126",2025,"n",-0.00735239464462692,0.00748729081094901
"ssp126",2025,"m",-0.00266568233013379,0.0171881586843049
"ssp126",2025,"uf",-0.00949061576804376,0.00268090562978074
"ssp126",2025,"gamma",0.076553339188937,0.255392302887881
"ssp126",2025,"UMV",-0.00993323574189499,0.00212066667243049
"ssp126",2025,"forcing",0.686339300397129,0.888820670678361
"ssp126",2030,"aPhi",0.0129990005856912,0.0357783494798053
"ssp126",2030,"n",-0.00704050162341232,0.0056847330531481
"ssp126",2030,"m",-0.00213694894422427,0.0158121586936505
"ssp126",2030,"uf",-0.00850805170891565,0.00227939502087582
"ssp126",2030,"gamma",0.089970798833354,0.244754283937776
"ssp126",2030,"UMV",-0.00902475376561552,0.00159109269542423
"ssp126",2030,"forcing",0.704976578899617,0.88253903145096
"ssp126",2035,"aPhi",0.0126872098910834,0.0335874726612562
"ssp126",2035,"n",-0.00654251972220088,0.00501845813392898
"ssp126",2035,"m",-0.00190298633015354,0.0146654960163173
"ssp126",2035,"uf",-0.00768635876369326,0.00201159037169729
"ssp126",2035,"gamma",0.104892396653809,0.240040454456845
"ssp126",2035,"UMV",-0.00825418735211127,0.00123685722174982
"ssp126",2035,"forcing",0.71271146345629,0.869858696303054
"ssp126",2040,"aPhi",0.0111493794371051,0.030582822286696
"ssp126",2040,"n",-0.00625811822764035,0.00468459436656554
"ssp126",2040,"m",-0.0020276438779507,0.0135180657312157
"ssp126",2040,"uf",-0.00728221994754484,0.00181423145216053
"ssp126",2040,"gamma",0.111977761682183,0.233227517225822
"ssp126",2040,"UMV",-0.00785107238390651,0.000998145845019116
"ssp126",2040,"forcing",0.723400320797948,0.865537881896841
"ssp126",2045,"aPhi",0.0142594811367542,0.0323622657159017
"ssp126",2045,"n",-0.00532803488346789,0.00459445289124982
"ssp126",2045,"m",-0.00212458840869285,0.0116786157991113
"ssp126",2045,"uf",-0.00602106014669922,0.00154150307015188
"ssp126",2045,"gamma",0.146177226121799,0.24212339929401
"ssp126",2045,"UMV",-0.00658825022536366,0.000672129532939825
"ssp126",2045,"forcing",0.714165903238725,0.829708512949205
"ssp126",2050,"aPhi",0.0163059421853027,0.03347733788902
"ssp126",2050,"n",-0.00458980301301828,0.00476819396467087
"ssp126",2050,"m",-0.00215091381750318,0.0102837207952915
"ssp126",2050,"uf",-0.00506469947789189,0.00135123001365778
"ssp126",2050,"gamma",0.173458368443721,0.250731521315702
"ssp126",2050,"UMV",-0.00553124412101584,0.000460812745586514
"ssp126",2050,"forcing",0.705562635458662,0.801066186026803
"ssp126",2055,"aPhi",0.018839522650346,0.0353779835959271
"ssp126",2055,"n",-0.00374436775193756,0.0051437900860507
"ssp126",2055,"m",-0.0018961342234696,0.00931539081731081
"ssp126",2055,"uf",-0.00400506212104815,0.00127967773376791
"ssp126",2055,"gamma",0.202236044120404,0.265050191760958
"ssp126",2055,"UMV",-0.00435736894054703,0.000360968486932123
"ssp126",2055,"forcing",0.690128217539084,0.770166039345961
"ssp126",2060,"aPhi",0.0203385783046751,0.0364516833873164
"ssp126",2060,"n",-0.00308188473953726,0.00575298465470531
"ssp126",2060,"m",-0.00203422323001727,0.00816865019133839
"ssp126",2060,"uf",-0.00333601795554934,0.00119821733584635
"ssp126",2060,"gamma",0.226726785433652,0.277727627250089
"ssp126",2060,"UMV",-0.00351450623546431,0.000289696020047692
"ssp126",2060,"forcing",0.677364063657563,0.743903432261534
"ssp126",2065,"aPhi",0.0203002957992327,0.0362231322963347
"ssp126",2065,"n",-0.00262490012403103,0.00659603435360423
"ssp126",2065,"m",-0.00264895613735536,0.00703516532500004
"ssp126",2065,"uf",-0.00329457016479894,0.00111457150884409
"ssp126",2065,"gamma",0.240303721797081,0.284515587565228
"ssp126",2065,"UMV",-0.00331900125050626,0.000250101100709221
"ssp126",2065,"forcing",0.671691871104047,0.729267794497182
"ssp126",2070,"aPhi",0.0205547225448965,0.0363527801124649
"ssp126",2070,"n",-0.00208975145119305,0.0074180484601073
"ssp126",2070,"m",-0.00292250844469714,0.00636010692830047
"ssp126",2070,"uf",-0.0031674546593419,0.00108405543359691
"ssp126",2070,"gamma",0.252123680205001,0.291745753138717
"ssp126",2070,"UMV",-0.00307169009684482,0.000241306912268424
"ssp126",2070,"forcing",0.664762914605945,0.716142719846037
"ssp126",2075,"aPhi",0.020416016842364,0.0362405599595119
"ssp126",2075,"n",-0.00156912885295752,0.00844405540356419
"ssp126",2075,"m",-0.00338387412929622,0.00571145287484998
"ssp126",2075,"uf",-0.00327540490152904,0.00105685215170215
"ssp126",2075,"gamma",0.261539885674182,0.297914897628769
"ssp126",2075,"UMV",-0.00306703216431691,0.000237161225286275
"ssp126",2075,"forcing",0.659014739202216,0.705300638178355
"ssp126",2080,"aPhi",0.0204922412992423,0.0364727508073485
"ssp126",2080,"n",-0.00102173883731309,0.00957104871749637
"ssp126",2080,"m",-0.00372532725993805,0.00523440871322178
"ssp126",2080,"uf",-0.00335277190878029,0.00104925754854412
"ssp126",2080,"gamma",0.271982448475156,0.305380278117693
"ssp126",2080,"UMV",-0.00299449355701653,0.000255246272729992
"ssp126",2080,"forcing",0.651463281061086,0.692963172640233
"ssp126",2085,"aPhi",0.0200366144296858,0.0360596036763117
"ssp126",2085,"n",-0.000364067239077947,0.0107676266464858
"ssp126",2085,"m",-0.00405716024691844,0.0049337170138698
"ssp126",2085,"uf",-0.00357450071805929,0.00104852786888388
"ssp126",2085,"gamma",0.276808062554806,0.309016088334635
"ssp126",2085,"UMV",-0.00315444547649383,0.000257535630041605
"ssp126",2085,"forcing",0.648020977434419,0.686723811510197
"ssp126",2090,"aPhi",0.0197354402959283,0.0358709925709647
"ssp126",2090,"n",0.000404324328933434,0.0121505930313942
"ssp126",2090,"m",-0.00430359246267985,0.00475532083287655
"ssp126",2090,"uf",-0.00377615387340105,0.00106746430845217
"ssp126",2090,"gamma",0.283100796800281,0.314192645740997
"ssp126",2090,"UMV",-0.00327948528243114,0.000270155638871783
"ssp126",2090,"forcing",0.64262767097757,0.678530756506572
"ssp126",2095,"aPhi",0.0189852027397509,0.0352414760030937
"ssp126",2095,"n",0.00115651435450031,0.0135569904370738
"ssp126",2095,"m",-0.00463319431014654,0.00470407638643622
"ssp126",2095,"uf",-0.00415463383269061,0.00108755290213292
"ssp126",2095,"gamma",0.284842467130569,0.315894438813241
"ssp126",2095,"UMV",-0.00364586936179278,0.000265669322740636
"ssp126",2095,"forcing",0.64086955030373,0.675255272181169
"ssp126",2100,"aPhi",0.0183449402785338,0.0347704605367949
"ssp126",2100,"n",0.00186485768260431,0.0149123596073043
"ssp126",2100,"m",-0.00489655018598536,0.00477813315026687
"ssp126",2100,"uf",-0.00451681997255656,0.00112967184944013
"ssp126",2100,"gamma",0.286995056330337,0.318215721259303
"ssp126",2100,"UMV",-0.00401460083551149,0.000263281691369244
"ssp126",2100,"forcing",0.638220325680146,0.671477914303049
"ssp126",2105,"aPhi",0.0177173611512659,0.0342506117227461
"ssp126",2105,"n",0.00266441385560371,0.016303371101946
"ssp126",2105,"m",-0.00505421748530113,0.00495587646312134
"ssp126",2105,"uf",-0.00483989601547889,0.00117592598441685
"ssp126",2105,"gamma",0.288303291434284,0.319821162917054
"ssp126",2105,"UMV",-0.00436175879319969,0.000257740065715772
"ssp126",2105,"forcing",0.636156024335165,0.668557207372816
"ssp126",2110,"aPhi",0.0172623035082884,0.0339589794990413
"ssp126",2110,"n",0.00337940613242358,0.0176112446074267
"ssp126",2110,"m",-0.00515328567638309,0.00525792421803339
"ssp126",2110,"uf",-0.00513761481097583,0.00126741139601139
"ssp126",2110,"gamma",0.291585744400932,0.323583804265518
"ssp126",2110,"UMV",-0.00472712467840321,0.000254144093788655
"ssp126",2110,"forcing",0.631626090113884,0.663474464053749
"ssp126",2115,"aPhi",0.0167728477997037,0.0336223505982035
"ssp126",2115,"n",0.00410029613723222,0.0189111028773253
"ssp126",2115,"m",-0.00520217479625219,0.00564726532211068
"ssp126",2115,"uf",-0.00543015106714558,0.00137159901004213
"ssp126",2115,"gamma",0.294126808798765,0.326726584406643
"ssp126",2115,"UMV",-0.0051064042375201,0.000252813834604182
"ssp126",2115,"forcing",0.627629276537042,0.659169055886493
"ssp126",2120,"aPhi",0.0163206665128493,0.0332836072121137
"ssp126",2120,"n",0.00475839362655157,0.0200746209280178
"ssp126",2120,"m",-0.00519874661128111,0.00611209635691845
"ssp126",2120,"uf",-0.0056888967930804,0.00150395294689432
"ssp126",2120,"gamma",0.296586294344972,0.329965168696649
"ssp126",2120,"UMV",-0.00550749332298561,0.00025006861811383
"ssp126",2120,"forcing",0.62346804255388,0.655091908618792
"ssp126",2125,"aPhi",0.0157666554353032,0.032916994384045
"ssp126",2125,"n",0.00543973755127359,0.0213619442384962
"ssp126",2125,"m",-0.00518327154168264,0.00669192703628474
"ssp126",2125,"uf",-0.0059905958218427,0.00166060380503807
"ssp126",2125,"gamma",0.298541799761067,0.332778328667549
"ssp126",2125,"UMV",-0.00595194721766987,0.000262669682238093
"ssp126",2125,"forcing",0.619550730231356,0.651332092763225
"ssp126",2130,"aPhi",0.0152807199175817,0.0325790441061976
"ssp126",2130,"n",0.00620217302045241,0.0227050667714863
"ssp126",2130,"m",-0.00506201630411102,0.00736286226727678
"ssp126",2130,"uf",-0.00623702232610281,0.0018345595199476
"ssp126",2130,"gamma",0.300773256547031,0.335840452202968
"ssp126",2130,"UMV",-0.00635452937617958,0.000281687494827043
"ssp126",2130,"forcing",0.615204555485067,0.647158046119503
"ssp126",2135,"aPhi",0.0149272909030668,0.0323351282167528
"ssp126",2135,"n",0.00691358920060233,0.0239134151741984
"ssp126",2135,"m",-0.0048644461987737,0.00805154581638745
"ssp126",2135,"uf",-0.00640662946944549,0.00201844889569669
"ssp126",2135,"gamma",0.303433739161232,0.339261300306853
"ssp126",2135,"UMV",-0.0066900912371437,0.000306719949219159
"ssp126",2135,"forcing",0.610457185600505,0.642631309566128
"ssp126",2140,"aPhi",0.0146618674993684,0.032159281073427
"ssp126",2140,"n",0.00760862206424125,0.0250694977395591
"ssp126",2140,"m",-0.00459165677061863,0.00880871837425001
"ssp126",2140,"uf",-0.00652172214463354,0.00223304513547451
"ssp126",2140,"gamma",0.306761861129533,0.343371718894902
"ssp126",2140,"UMV",-0.0070016698119481,0.000341787219530487
"ssp126",2140,"forcing",0.604886298997645,0.637376063352252
"ssp126",2145,"aPhi",0.0146061743942744,0.032182978950854
"ssp126",2145,"n",0.00826801469579997,0.0261452819491165
"ssp126",2145,"m",-0.00419721909715803,0.0096366047837465
"ssp126",2145,"uf",-0.00654030392043413,0.00248491547720786
"ssp126",2145,"gamma",0.311950222547223,0.349254169981671
"ssp126",2145,"UMV",-0.00723431440886034,0.000391560672993174
"ssp126",2145,"forcing",0.59734460269898,0.630065712915052
"ssp126",2150,"aPhi",0.0145030695532089,0.032133863330154
"ssp126",2150,"n",0.0089320390002006,0.0272000617260068
"ssp126",2150,"m",-0.00379244620917534,0.0104734968006491
"ssp126",2150,"uf",-0.00655048277899692,0.0027373419415867
"ssp126",2150,"gamma",0.316222697128198,0.354247051740835
"ssp126",2150,"UMV",-0.00746786270446302,0.000445745151591126
"ssp126",2150,"forcing",0.59072630403939,0.623783662816478
"ssp126",2155,"aPhi",0.014398350203023,0.0320863476081895
"ssp126",2155,"n",0.00962091538067055,0.0282932184958617
"ssp126",2155,"m",-0.00333701018738285,0.0113829372995126
"ssp126",2155,"uf",-0.00654295728606231,0.00301216094975409
"ssp126",2155,"gamma",0.320495337131611,0.359266835394371
"ssp126",2155,"UMV",-0.00769832312489412,0.000511433742295453
"ssp126",2155,"forcing",0.583959313304298,0.617396527288817
"ssp126",2160,"aPhi",0.0143886819969572,0.0320415427490424
"ssp126",2160,"n",0.0103867208086928,0.0293736449638605
"ssp126",2160,"m",-0.00280285956703674,0.0122813322171017
"ssp126",2160,"uf",-0.00646251136524537,0.00327893998501261
"ssp126",2160,"gamma",0.324993918053597,0.364437504635207
"ssp126",2160,"UMV",-0.00786390982220521,0.00057370600109885
"ssp126",2160,"forcing",0.577045426255166,0.610800698507994
"ssp126",2165,"aPhi",0.0144328999367712,0.0320705443251842
"ssp126",2165,"n",0.0109713907627921,0.0302217886797085
"ssp126",2165,"m",-0.00229175090683917,0.0131487226596398
"ssp126",2165,"uf",-0.00634435549132507,0.00357840394940179
"ssp126",2165,"gamma",0.32968526768035,0.369840806565924
"ssp126",2165,"UMV",-0.00802552682938593,0.00065582488326088
"ssp126",2165,"forcing",0.56996529401438,0.604224565879969
"ssp126",2170,"aPhi",0.0143964661091809,0.0320365391984272
"ssp126",2170,"n",0.0114941544694383,0.0310006318476506
"ssp126",2170,"m",-0.00185588777306829,0.0139340182843073
"ssp126",2170,"uf",-0.00625777516379139,0.00384794882338069
"ssp126",2170,"gamma",0.333013512821884,0.373844607364171
"ssp126",2170,"UMV",-0.00818909180155065,0.000737285828257495
"ssp126",2170,"forcing",0.564473312182578,0.599265407701504
"ssp126",2175,"aPhi",0.0144492801160751,0.0319869479773015
"ssp126",2175,"n",0.0121465311937901,0.0318174329897261
"ssp126",2175,"m",-0.00136362362208475,0.014657455719736
"ssp126",2175,"uf",-0.00611379309537993,0.0040775944227146
"ssp126",2175,"gamma",0.336407256182462,0.377787016655528
"ssp126",2175,"UMV",-0.00827663846479144,0.000802300143443846
"ssp126",2175,"forcing",0.559122615695417,0.594274419405734
"ssp126",2180,"aPhi",0.0145906415959736,0.0320564762865143
"ssp126",2180,"n",0.0127646923978704,0.032615477376951
"ssp126",2180,"m",-0.000803642404241364,0.0154510321572554
"ssp126",2180,"uf",-0.00593092951484676,0.00434124495840393
"ssp126",2180,"gamma",0.34090835251871,0.38281018242899
"ssp126",2180,"UMV",-0.00833657775218564,0.000881837563304955
"ssp126",2180,"forcing",0.552534593736171,0.587983172503977
"ssp126",2185,"aPhi",0.014647572942236,0.0320879882920845
"ssp126",2185,"n",0.0132687926603122,0.0333145164369365
"ssp126",2185,"m",-0.000313573723108428,0.0162309052389366
"ssp126",2185,"uf",-0.00576939532514991,0.00462940186322724
"ssp126",2185,"gamma",0.344535259988578,0.387074715903717
"ssp126",2185,"UMV",-0.00844186086361736,0.000982346002702195
"ssp126",2185,"forcing",0.54676338695967,0.582754952754843
"ssp126",2190,"aPhi",0.014922137321918,0.0322921381673991
"ssp126",2190,"n",0.0138390937806655,0.0340323967753238
"ssp126",2190,"m",0.000325153366620685,0.0170539842602487
"ssp126",2190,"uf",-0.00551708869263577,0.00491979115323604
"ssp126",2190,"gamma",0.350205503046303,0.393189037926241
"ssp126",2190,"UMV",-0.00844220303972734,0.00107547049367396
"ssp126",2190,"forcing",0.538998902745195,0.575182328255771
"ssp126",2195,"aPhi",0.0151111721382927,0.0324252540778883
"ssp126",2195,"n",0.0144105676650416,0.0347704391745701
"ssp126",2195,"m",0.000932615342834843,0.017886538197272
"ssp126",2195,"uf",-0.00528483687453233,0.005217975021235
"ssp126",2195,"gamma",0.354958405821869,0.398469242754927
"ssp126",2195,"UMV",-0.00847451280181603,0.0011792745646394
"ssp126",2195,"forcing",0.532076977980683,0.568601079342192
"ssp126",2200,"aPhi",0.0153269610733533,0.0325773172203565
"ssp126",2200,"n",0.0149488572227579,0.0354440499476001
"ssp126",2200,"m",0.00153594567186071,0.0186932771835981
"ssp126",2200,"uf",-0.00502623568388483,0.00552555832882173
"ssp126",2200,"gamma",0.35970685369806,0.403756424938889
"ssp126",2200,"UMV",-0.00849412655057942,0.00129262908043526
"ssp126",2200,"forcing",0.525184109247231,0.562105387875232
"ssp126",2205,"aPhi",0.0156176054075819,0.0327848334431191
"ssp126",2205,"n",0.0155587108722577,0.0361829244698293
"ssp126",2205,"m",0.00223201141558658,0.019571752951087
"ssp126",2205,"uf",-0.0047188454391609,0.00585414596938516
"ssp126",2205,"gamma",0.365237392109758,0.409805515228871
"ssp126",2205,"UMV",-0.00847991310576855,0.00141317619587533
"ssp126",2205,"forcing",0.517372668520772,0.554615531700476
"ssp126",2210,"aPhi",0.0159387428537655,0.0330346540798476
"ssp126",2210,"n",0.0160762392868317,0.0367996479621696
"ssp126",2210,"m",0.00289717715201161,0.0203889800890983
"ssp126",2210,"uf",-0.00439817293700324,0.00618103955306126
"ssp126",2210,"gamma",0.370796196062922,0.41584620953765
"ssp126",2210,"UMV",-0.0084482413893553,0.00153809160590246
"ssp126",2210,"forcing",0.509678413257624,0.547240788272908
"ssp126",2215,"aPhi",0.0162791739535951,0.0332761705857111
"ssp126",2215,"n",0.0166838803983199,0.0374936872704441
"ssp126",2215,"m",0.00359841675472655,0.0212166708712537
"ssp126",2215,"uf",-0.00405948763592233,0.00649799264660922
"ssp126",2215,"gamma",0.37627153746107,0.421785521385658
"ssp126",2215,"UMV",-0.0083959206892477,0.00166010473563083
"ssp126",2215,"forcing",0.502049704265429,0.539886587057506
"ssp126",2220,"aPhi",0.0166356802180903,0.0335706890917012
"ssp126",2220,"n",0.0172657194960629,0.0381935773120072
"ssp126",2220,"m",0.00436161944287106,0.0221545855478339
"ssp126",2220,"uf",-0.00368240248239023,0.00687961677338456
"ssp126",2220,"gamma",0.382293884521637,0.428363721497718
"ssp126",2220,"UMV",-0.00835101455099779,0.00181526099781715
"ssp126",2220,"forcing",0.493574808633316,0.531802822494136
"ssp126",2225,"aPhi",0.0170793073985263,0.0339379394901241
"ssp126",2225,"n",0.017775845663394,0.0387633473469918
"ssp126",2225,"m",0.00511308430808786,0.0229998315848668
"ssp126",2225,"uf",-0.00327977505785586,0.00723726610161168
"ssp126",2225,"gamma",0.388761909968014,0.435264603059174
"ssp126",2225,"UMV",-0.00825809614723246,0.00195887759490598
"ssp126",2225,"forcing",0.484933660157025,0.523408323442403
"ssp126",2230,"aPhi",0.0175641934186175,0.0343292350231813
"ssp126",2230,"n",0.0183249738877463,0.0393458279804624
"ssp126",2230,"m",0.0058852623291262,0.0238329751136301
"ssp126",2230,"uf",-0.00284666477364711,0.0075952002801718
"ssp126",2230,"gamma",0.39529843194352,0.442228054689597
"ssp126",2230,"UMV",-0.00814178823638052,0.00210669555570686
"ssp126",2230,"forcing",0.476223722114874,0.514942234416816
"ssp126",2235,"aPhi",0.0180396767767349,0.0347089364099601
"ssp126",2235,"n",0.0189084418619003,0.0399641253373131
"ssp126",2235,"m",0.00665106184009791,0.0246440295036939
"ssp126",2235,"uf",-0.00242849768509111,0.00792625841107875
"ssp126",2235,"gamma",0.401490727324247,0.448800690577797
"ssp126",2235,"UMV",-0.00801663207487561,0.00224254422772774
"ssp126",2235,"forcing",0.46794890689801,0.506839497762586
"ssp126",2240,"aPhi",0.0185013135756401,0.0350943958885603
"ssp126",2240,"n",0.0195012069333356,0.0406070021055005
"ssp126",2240,"m",0.00742382666799938,0.0254830389018462
"ssp126",2240,"uf",-0.0020010844036312,0.00827612799791355
"ssp126",2240,"gamma",0.407482420940274,0.455222844071989
"ssp126",2240,"UMV",-0.00789725721578078,0.00239364194004532
"ssp126",2240,"forcing",0.459763006996461,0.498904555538892
"ssp126",2245,"aPhi",0.0189905312046129,0.0355074741555765
"ssp126",2245,"n",0.0201235795481463,0.0412695024676013
"ssp126",2245,"m",0.00820519878597611,0.0263116763410725
"ssp126",2245,"uf",-0.00155745909518496,0.0086230543329594
"ssp126",2245,"gamma",0.413417450565702,0.461582273428232
"ssp126",2245,"UMV",-0.00776208480436976,0.00254788481858359
"ssp126",2245,"forcing",0.451631646031823,0.491022321022681
"ssp126",2250,"aPhi",0.0193545847831118,0.035840513554727
"ssp126",2250,"n",0.0205239974556707,0.0416871422766883
"ssp126",2250,"m",0.00873967797403326,0.0268841952311949
"ssp126",2250,"uf",-0.00120954346957366,0.00890212340105601
"ssp126",2250,"gamma",0.417576460617478,0.466114744771716
"ssp126",2250,"UMV",-0.00766416476891288,0.00268602190778267
"ssp126",2250,"forcing",0.445828637108685,0.485546431311187
"ssp126",2255,"aPhi",0.019795529976299,0.0362621325191185
"ssp126",2255,"n",0.0210121188853549,0.042217535662371
"ssp126",2255,"m",0.00941679578863694,0.0276232204147323
"ssp126",2255,"uf",-0.000783479180149523,0.0092535797859904
"ssp126",2255,"gamma",0.422756385184496,0.471750076842324
"ssp126",2255,"UMV",-0.00754398653627042,0.00285917352036391
"ssp126",2255,"forcing",0.438579003479454,0.47867676412342
"ssp126",2260,"aPhi",0.020307514663049,0.036758974190266
"ssp126",2260,"n",0.021531423505273,0.0427879891405065
"ssp126",2260,"m",0.0102017208232526,0.0284665800264413
"ssp126",2260,"uf",-0.000307553716602829,0.00964264812596882
"ssp126",2260,"gamma",0.428890882178274,0.478330837019767
"ssp126",2260,"UMV",-0.00739697916112572,0.00304391327825493
"ssp126",2260,"forcing",0.430189354300142,0.470599958621894
"ssp126",2265,"aPhi",0.0208000658054161,0.0372478251739576
"ssp126",2265,"n",0.0221780664873181,0.0435308448779402
"ssp126",2265,"m",0.0110420999950531,0.0293973491510124
"ssp126",2265,"uf",0.000165376271219436,0.0100346826180115
"ssp126",2265,"gamma",0.434702881013944,0.484624029608578
"ssp126",2265,"UMV",-0.00725389965728755,0.00323231235046362
"ssp126",2265,"forcing",0.42191268047955,0.462641252145627
"ssp126",2270,"aPhi",0.0213225591419406,0.0377789426987875
"ssp126",2270,"n",0.0227333660630278,0.0441487615502143
"ssp126",2270,"m",0.0118313934491163,0.0302403771057379
"ssp126",2270,"uf",0.000646411125942453,0.0104182670137927
"ssp126",2270,"gamma",0.440512941848386,0.490875326517254
"ssp126",2270,"UMV",-0.00709488708620592,0.00342195174909898
"ssp126",2270,"forcing",0.413825106197407,0.454866405311885
"ssp126",2275,"aPhi",0.022021583718055,0.0384749443148452
"ssp126",2275,"n",0.0233799398907811,0.0448558762633083
"ssp126",2275,"m",0.0128659887208054,0.0313037505552497
"ssp126",2275,"uf",0.00125027468481084,0.0108826466338229
"ssp126",2275,"gamma",0.448463505741833,0.499259973046103
"ssp126",2275,"UMV",-0.00687206591795891,0.00363453816012382
"ssp126",2275,"forcing",0.403183029215668,0.444413234469783
"ssp126",2280,"aPhi",0.0225775762612478,0.0390456275834203
"ssp126",2280,"n",0.02399703363823,0.0455608445174809
"ssp126",2280,"m",0.013755840488535,0.032247030853521
"ssp126",2280,"uf",0.00174296893577986,0.0112692811818312
"ssp126",2280,"gamma",0.454678534249522,0.505870780362846
"ssp126",2280,"UMV",-0.00669488376278978,0.00381411524222441
"ssp126",2280,"forcing",0.394580532702748,0.435992463351462
"ssp126",2285,"aPhi",0.0230320283949859,0.039550621476748
"ssp126",2285,"n",0.024507496430026,0.0461788037056052
"ssp126",2285,"m",0.0145519050382896,0.0331370962998487
"ssp126",2285,"uf",0.00219224609594974,0.0116551955105014
"ssp126",2285,"gamma",0.460054170697564,0.511679105853822
"ssp126",2285,"UMV",-0.00655373535782503,0.00400252767476461
"ssp126",2285,"forcing",0.386915739188498,0.4286150683782
"ssp126",2290,"aPhi",0.0236286742438105,0.0401927888097575
"ssp126",2290,"n",0.0250439820779522,0.0467890914952385
"ssp126",2290,"m",0.0154576237445287,0.0340848648572368
"ssp126",2290,"uf",0.00272893157382345,0.012079113131014
"ssp126",2290,"gamma",0.46662392170161,0.518663373343659
"ssp126",2290,"UMV",-0.00635749649374169,0.00420613427943728
"ssp126",2290,"forcing",0.377923564550946,0.419857329367798
"ssp126",2295,"aPhi",0.0242430476803955,0.0409024986521895
"ssp126",2295,"n",0.0255971955582136,0.0474648952163834
"ssp126",2295,"m",0.0164990026151437,0.0352345599927025
"ssp126",2295,"uf",0.00334875622369334,0.0126136385711512
"ssp126",2295,"gamma",0.473913261190951,0.526513278412156
"ssp126",2295,"UMV",-0.00615676599350049,0.00447104635922635
"ssp126",2295,"forcing",0.367691134196995,0.410024309374333
"ssp126",2300,"aPhi",0.0247227265195375,0.0414769129386311
"ssp126",2300,"n",0.0261061715572478,0.0480906802690817
"ssp126",2300,"m",0.0173043192958282,0.0361314007332298
"ssp126",2300,"uf",0.00382483768989897,0.0130167240626902
"ssp126",2300,"gamma",0.479064956728624,0.532119174961042
"ssp126",2300,"UMV",-0.00599835637699961,0.0046799576484321
"ssp126",2300,"forcing",0.360179114028342,0.402854314491564
"ssp534-over",2020,"aPhi",0.0563355808724858,0.0806414178902879
"ssp534-over",2020,"n",0.0198199508842086,0.0270122340733264
"ssp534-over",2020,"m",0.0417843669201526,0.0480356461101684
"ssp534-over",2020,"uf",0.0101722802876962,0.00703463208606803
"ssp534-over",2020,"gamma",0.0359604742625668,0.158099478700354
"ssp534-over",2020,"UMV",0.00955219538790773,0.00480614675853674
"ssp534-over",2020,"forcing",0.711593304368926,0.846299759262135
"ssp534-over",2025,"aPhi",0.0428327262592732,0.0584628880750298
"ssp534-over",2025,"n",0.0156255481468527,0.016582221583583
"ssp534-over",2025,"m",0.0413424622778294,0.0449870700836671
"ssp534-over",2025,"uf",0.0105679033760041,0.00576585126190177
"ssp534-over",2025,"gamma",0.0486026928004938,0.15431997602325
"ssp534-over",2025,"UMV",0.00974274297707825,0.00337198768613534
"ssp534-over",2025,"forcing",0.744670897677248,0.863736684518319
"ssp534-over",2030,"aPhi",0.0372197288892203,0.0489495121014304
"ssp534-over",2030,"n",0.013744496140294,0.0119101077053561
"ssp534-over",2030,"m",0.0405524986215234,0.0430639517362106
"ssp534-over",2030,"uf",0.010811702680935,0.00520993758312105
"ssp534-over",2030,"gamma",0.0707012219986127,0.16251619836715
"ssp534-over",2030,"UMV",0.00973013805812986,0.00269885052276864
"ssp534-over",2030,"forcing",0.750222621890581,0.856111713968644
"ssp534-over",2035,"aPhi",0.035716346930876,0.0450777337881577
"ssp534-over",2035,"n",0.01301528134955,0.00983226012039151
"ssp534-over",2035,"m",0.039116339428695,0.040840110406313
"ssp534-over",2035,"uf",0.010794302938442,0.00472587383852419
"ssp534-over",2035,"gamma",0.0952029819237949,0.174363652878561
"ssp534-over",2035,"UMV",0.00952627843260423,0.00217728318506516
"ssp534-over",2035,"forcing",0.745410915680158,0.838623372628195
"ssp534-over",2040,"aPhi",0.0320059651386891,0.0390951865756024
"ssp534-over",2040,"n",0.0115766239287717,0.00767027450688162
"ssp534-over",2040,"m",0.0362303640786367,0.0372222814734933
"ssp534-over",2040,"uf",0.0103832105676673,0.00423900616632378
"ssp534-over",2040,"gamma",0.106290985674273,0.174638706139385
"ssp534-over",2040,"UMV",0.00903783530650914,0.00175892998907123
"ssp534-over",2040,"forcing",0.755508536583301,0.837664691665982
"ssp534-over",2045,"aPhi",0.035044037117391,0.0410010940027896
"ssp534-over",2045,"n",0.0110180091235927,0.00692659586872502
"ssp534-over",2045,"m",0.0313413469666313,0.0320291700086808
"ssp534-over",2045,"uf",0.00960368447347567,0.00355914955533998
"ssp534-over",2045,"gamma",0.164491307678582,0.217301336869661
"ssp534-over",2045,"UMV",0.00809972742725528,0.00122912587755208
"ssp534-over",2045,"forcing",0.71663637877438,0.78271183137458
"ssp534-over",2050,"aPhi",0.0363898872870289,0.0418370406599542
"ssp534-over",2050,"n",0.0100152922265224,0.00643175410001684
"ssp534-over",2050,"m",0.026511011633647,0.0272920866063417
"ssp534-over",2050,"uf",0.00853888317033865,0.00299105435597524
"ssp534-over",2050,"gamma",0.211007575283719,0.25484639653893
"ssp534-over",2050,"UMV",0.00706287753832799,0.000863494693433497
"ssp534-over",2050,"forcing",0.683388611154235,0.739545822427453
"ssp534-over",2055,"aPhi",0.0386046062377276,0.044841319122407
"ssp534-over",2055,"n",0.00890000583059155,0.00653964853789979
"ssp534-over",2055,"m",0.0218300106420135,0.0234046388738955
"ssp534-over",2055,"uf",0.00730309591099046,0.00265661429046626
"ssp534-over",2055,"gamma",0.26400886217526,0.304291402603707
"ssp534-over",2055,"UMV",0.00588762847104043,0.000705364812313314
"ssp534-over",2055,"forcing",0.63544411777647,0.687083427128454
"ssp534-over",2060,"aPhi",0.0387015016041195,0.0456602877016261
"ssp534-over",2060,"n",0.00748233636526923,0.00667399803449509
"ssp534-over",2060,"m",0.0166080102914242,0.0188907255877163
"ssp534-over",2060,"uf",0.00583388727317778,0.00229609324365432
"ssp534-over",2060,"gamma",0.298306996542961,0.337181508251661
"ssp534-over",2060,"UMV",0.00461826297202337,0.0005951414091655
"ssp534-over",2060,"forcing",0.606577271072438,0.655728755038332
"ssp534-over",2065,"aPhi",0.0366574141472572,0.0439115405867498
"ssp534-over",2065,"n",0.00642015776556584,0.00693786434168375
"ssp534-over",2065,"m",0.0123043943776613,0.0149193218625823
"ssp534-over",2065,"uf",0.00461148688506254,0.00199655185610326
"ssp534-over",2065,"gamma",0.302477029565789,0.340081344416036
"ssp534-over",2065,"UMV",0.00362146286624975,0.000532614899455441
"ssp534-over",2065,"forcing",0.60923276677828,0.656458974988228
"ssp534-over",2070,"aPhi",0.0355834264962179,0.0433913008015959
"ssp534-over",2070,"n",0.00576200758430362,0.00745554470034338
"ssp534-over",2070,"m",0.00940486871749145,0.012500285441619
"ssp534-over",2070,"uf",0.00367750519244055,0.00183886952506529
"ssp534-over",2070,"gamma",0.308754392747473,0.346736327720406
"ssp534-over",2070,"UMV",0.00284590892280174,0.000522870735817582
"ssp534-over",2070,"forcing",0.605389917157826,0.652428132672208
"ssp534-over",2075,"aPhi",0.0339379151912383,0.0421666149834933
"ssp534-over",2075,"n",0.00532249972891332,0.0081408586623829
"ssp534-over",2075,"m",0.00686468756030118,0.0103402378650689
"ssp534-over",2075,"uf",0.00283845093544255,0.00169799436578344
"ssp534-over",2075,"gamma",0.305609164528242,0.343501798776248
"ssp534-over",2075,"UMV",0.00217723254562226,0.000510520259624503
"ssp534-over",2075,"forcing",0.611591273299101,0.658167543377356
"ssp534-over",2080,"aPhi",0.0326364113723007,0.0414734311053689
"ssp534-over",2080,"n",0.00499826519795482,0.008947763851894
"ssp534-over",2080,"m",0.00482536131729345,0.00877373521099045
"ssp534-over",2080,"uf",0.00207995188822022,0.0015994830759557
"ssp534-over",2080,"gamma",0.30326887545564,0.342099656595806
"ssp534-over",2080,"UMV",0.00161587233101461,0.000531998394089461
"ssp534-over",2080,"forcing",0.614847735894382,0.661983283836991
"ssp534-over",2085,"aPhi",0.0310184062294201,0.0400468605328002
"ssp534-over",2085,"n",0.00496916993024515,0.00976113253784239
"ssp534-over",2085,"m",0.00342194767565076,0.00766870665106223
"ssp534-over",2085,"uf",0.00153174847407867,0.00152854229353971
"ssp534-over",2085,"gamma",0.294526166006972,0.332949731411392
"ssp534-over",2085,"UMV",0.00116399239466777,0.000517324678683484
"ssp534-over",2085,"forcing",0.625897510542408,0.672448581496193
"ssp534-over",2090,"aPhi",0.0295771090205656,0.0389309863039492
"ssp534-over",2090,"n",0.00499279942683015,0.0107100843374753
"ssp534-over",2090,"m",0.00218468962397185,0.00683043061829947
"ssp534-over",2090,"uf",0.000979562978274357,0.00148164758345437
"ssp534-over",2090,"gamma",0.287029311258773,0.325602134920806
"ssp534-over",2090,"UMV",0.000719329932504804,0.00051450751856208
"ssp534-over",2090,"forcing",0.634529378889198,0.681033209721155
"ssp534-over",2095,"aPhi",0.0278487209494725,0.0371436652258093
"ssp534-over",2095,"n",0.00522157871859445,0.0115802662126278
"ssp534-over",2095,"m",0.00144055339606554,0.00629170458678896
"ssp534-over",2095,"uf",0.000633740492759565,0.00144337764895319
"ssp534-over",2095,"gamma",0.273617266294814,0.310913975499398
"ssp534-over",2095,"UMV",0.000425329645968973,0.000480406565017799
"ssp534-over",2095,"forcing",0.650656583696099,0.695936923959206
"ssp534-over",2100,"aPhi",0.0263669790878648,0.0356243694143463
"ssp534-over",2100,"n",0.00543735399596801,0.0123780940432805
"ssp534-over",2100,"m",0.000910549210792874,0.005983857234516
"ssp534-over",2100,"uf",0.000352256938992939,0.00143290668188933
"ssp534-over",2100,"gamma",0.262110452081998,0.298275095227503
"ssp534-over",2100,"UMV",0.000181566504384582,0.000449725500612952
"ssp534-over",2100,"forcing",0.664285282831842,0.708547007123434
"ssp534-over",2105,"aPhi",0.0250641817791422,0.0342520276066944
"ssp534-over",2105,"n",0.00571856051764072,0.0131944828614413
"ssp534-over",2105,"m",0.000553663806611241,0.00585502508770352
"ssp534-over",2105,"uf",0.000113073337732036,0.00143140160530353
"ssp534-over",2105,"gamma",0.251812705024777,0.286950677535019
"ssp534-over",2105,"UMV",-4.53533484319566e-05,0.00041845664070228
"ssp534-over",2105,"forcing",0.676268704993362,0.719602407403203
"ssp534-over",2110,"aPhi",0.0239489705511395,0.0331345312389897
"ssp534-over",2110,"n",0.0059092240186349,0.0139447821608971
"ssp534-over",2110,"m",0.000268431372463744,0.00586249684786955
"ssp534-over",2110,"uf",-0.000111724052905869,0.00147391270046671
"ssp534-over",2110,"gamma",0.24423838631397,0.278492251043003
"ssp534-over",2110,"UMV",-0.000280516910374299,0.00038903111691535
"ssp534-over",2110,"forcing",0.685042250079331,0.727671864086148
"ssp534-over",2115,"aPhi",0.0229009311551896,0.032038320833204
"ssp534-over",2115,"n",0.00612433844153383,0.0146607468720995
"ssp534-over",2115,"m",0.000123809500196949,0.0059916592271182
"ssp534-over",2115,"uf",-0.000284378255022251,0.00152816416631796
"ssp534-over",2115,"gamma",0.236779423369994,0.270097166590729
"ssp534-over",2115,"UMV",-0.000480012305603202,0.000364436281005132
"ssp534-over",2115,"forcing",0.693605773199428,0.735511956827344
"ssp534-over",2120,"aPhi",0.0219840424159142,0.0310373002612634
"ssp534-over",2120,"n",0.00632291299390989,0.0153242426077088
"ssp534-over",2120,"m",6.82681789686813e-05,0.00621339796905418
"ssp534-over",2120,"uf",-0.000413436324728828,0.00161204341039023
"ssp534-over",2120,"gamma",0.230825843117791,0.263085249673621
"ssp534-over",2120,"UMV",-0.000677131205480215,0.000341007324379472
"ssp534-over",2120,"forcing",0.700603735435192,0.741729050391807
"ssp534-over",2125,"aPhi",0.0209936305680106,0.0299409330533611
"ssp534-over",2125,"n",0.00653023411297842,0.015969131099457
"ssp534-over",2125,"m",0.000123369888054933,0.0065328131648793
"ssp534-over",2125,"uf",-0.000500204335524445,0.00170643790776259
"ssp534-over",2125,"gamma",0.223461645897672,0.254606625420253
"ssp534-over",2125,"UMV",-0.000824169890117679,0.000332765770723609
"ssp534-over",2125,"forcing",0.709032118332394,0.749373014196488
"ssp534-over",2130,"aPhi",0.0201247342764964,0.02900492434865
"ssp534-over",2130,"n",0.0067614565928046,0.0166666715502767
"ssp534-over",2130,"m",0.000230214448074969,0.00694342513462587
"ssp534-over",2130,"uf",-0.00058869204226436,0.00181295627513733
"ssp534-over",2130,"gamma",0.217425639541468,0.247734201879205
"ssp534-over",2130,"UMV",-0.000985986760872784,0.000332766188035905
"ssp534-over",2130,"forcing",0.715603728905689,0.75539900460262
"ssp534-over",2135,"aPhi",0.0194479093026527,0.0283071970365425
"ssp534-over",2135,"n",0.00696629990120261,0.0173234189422281
"ssp534-over",2135,"m",0.00036716875241041,0.00739437846458391
"ssp534-over",2135,"uf",-0.000666767556629528,0.00193025094739818
"ssp534-over",2135,"gamma",0.213385673494765,0.243140575052091
"ssp534-over",2135,"UMV",-0.00114831927948683,0.000341487594688994
"ssp534-over",2135,"forcing",0.719703045771674,0.75919629909682
"ssp534-over",2140,"aPhi",0.0188729708495856,0.0277463901349245
"ssp534-over",2140,"n",0.00715600730342574,0.0179891468910559
"ssp534-over",2140,"m",0.000541932836464097,0.00791603377046723
"ssp534-over",2140,"uf",-0.000736441997500469,0.00207254895093711
"ssp534-over",2140,"gamma",0.210712970100006,0.240066108188091
"ssp534-over",2140,"UMV",-0.0013234948788609,0.000360656986389984
"ssp534-over",2140,"forcing",0.722085269058284,0.761429786493098
"ssp534-over",2145,"aPhi",0.0184701178720811,0.0274624808792726
"ssp534-over",2145,"n",0.00729536430583628,0.0186606201395862
"ssp534-over",2145,"m",0.000741778733540339,0.00852178604601928
"ssp534-over",2145,"uf",-0.000819767962379284,0.00224428130937349
"ssp534-over",2145,"gamma",0.210434138059172,0.239827757310805
"ssp534-over",2145,"UMV",-0.00152396183467007,0.000394658543633408
"ssp534-over",2145,"forcing",0.721336155667466,0.760919392954298
"ssp534-over",2150,"aPhi",0.0180764466113504,0.0271502855943091
"ssp534-over",2150,"n",0.00746793205366233,0.0193284230742078
"ssp534-over",2150,"m",0.000984491702917035,0.00914471305928921
"ssp534-over",2150,"uf",-0.000875132410102551,0.00241496123974083
"ssp534-over",2150,"gamma",0.209833826740173,0.239192530756073
"ssp534-over",2150,"UMV",-0.00170579018769705,0.000432586943270086
"ssp534-over",2150,"forcing",0.720983052801567,0.760735047049867
"ssp534-over",2155,"aPhi",0.0176917759843713,0.0268510634954477
"ssp534-over",2155,"n",0.00765358267878815,0.0200152241302038
"ssp534-over",2155,"m",0.00127731548127276,0.00982650315240807
"ssp534-over",2155,"uf",-0.000915703688111323,0.00259744908804094
"ssp534-over",2155,"gamma",0.209246851985655,0.238620127066404
"ssp534-over",2155,"UMV",-0.00188086809201777,0.000479340699745867
"ssp534-over",2155,"forcing",0.720476477572452,0.760448806319349
"ssp534-over",2160,"aPhi",0.0174118177898179,0.0266860089084937
"ssp534-over",2160,"n",0.00789639007627793,0.020796438252165
"ssp534-over",2160,"m",0.00158234848035413,0.0105536983596859
"ssp534-over",2160,"uf",-0.00097147894225376,0.00278219821375592
"ssp534-over",2160,"gamma",0.210066998740582,0.239709146002965
"ssp534-over",2160,"UMV",-0.00208923727653561,0.000525907445198426
"ssp534-over",2160,"forcing",0.718115169643854,0.758486465063731
"ssp534-over",2165,"aPhi",0.0172000424623172,0.0265978321700369
"ssp534-over",2165,"n",0.00807731616929312,0.0214900070600242
"ssp534-over",2165,"m",0.00189977041246088,0.0112791478103336
"ssp534-over",2165,"uf",-0.000988305494205456,0.00299677109148189
"ssp534-over",2165,"gamma",0.211640846057272,0.24146946994411
"ssp534-over",2165,"UMV",-0.00228171724465699,0.000590638306871449
"ssp534-over",2165,"forcing",0.715054189894919,0.755791015642556
"ssp534-over",2170,"aPhi",0.0169737237675324,0.0264512027194287
"ssp534-over",2170,"n",0.008258372833783,0.0220979770129393
"ssp534-over",2170,"m",0.00220757691520376,0.0119266182329519
"ssp534-over",2170,"uf",-0.000979516972979782,0.00318551424688651
"ssp534-over",2170,"gamma",0.212220457031563,0.242096608595138
"ssp534-over",2170,"UMV",-0.00242920764832541,0.000653530299919658
"ssp534-over",2170,"forcing",0.713318770573171,0.754289070034486
"ssp534-over",2175,"aPhi",0.0168369457997312,0.0264264520511505
"ssp534-over",2175,"n",0.00852803583515908,0.0228393208422192
"ssp534-over",2175,"m",0.00250584982075002,0.0125982422842438
"ssp534-over",2175,"uf",-0.00100506321486726,0.00335812048968953
"ssp534-over",2175,"gamma",0.214034774823208,0.244263982243839
"ssp534-over",2175,"UMV",-0.00261713074927477,0.000706713574473827
"ssp534-over",2175,"forcing",0.709879892171082,0.751276801633212
"ssp534-over",2180,"aPhi",0.0167442516737944,0.0264949781688879
"ssp534-over",2180,"n",0.00875914101097252,0.0235672632113477
"ssp534-over",2180,"m",0.00284494113436775,0.0133336365317771
"ssp534-over",2180,"uf",-0.0010278965794538,0.00355157331522205
"ssp534-over",2180,"gamma",0.216554384511688,0.247330189189866
"ssp534-over",2180,"UMV",-0.00280523582304745,0.000771199392545663
"ssp534-over",2180,"forcing",0.705412886293548,0.747406377225281
"ssp534-over",2185,"aPhi",0.0166117526078783,0.0264877936019401
"ssp534-over",2185,"n",0.00896501829581662,0.0242285312026814
"ssp534-over",2185,"m",0.00319434625789748,0.0140474222407529
"ssp534-over",2185,"uf",-0.00100415932845135,0.0037622782565061
"ssp534-over",2185,"gamma",0.218298238292842,0.249332985208947
"ssp534-over",2185,"UMV",-0.00296094903357019,0.000851726638493755
"ssp534-over",2185,"forcing",0.702098977599765,0.744493115205134
"ssp534-over",2190,"aPhi",0.0166092856687101,0.0267048279221552
"ssp534-over",2190,"n",0.00916776396946128,0.024952494334384
"ssp534-over",2190,"m",0.00357944476207571,0.0148504089047693
"ssp534-over",2190,"uf",-0.00102363448972632,0.00397681743520395
"ssp534-over",2190,"gamma",0.222078632515636,0.253945967808173
"ssp534-over",2190,"UMV",-0.00315461470785509,0.000928408024134075
"ssp534-over",2190,"forcing",0.695913096817664,0.739125840510406
"ssp534-over",2195,"aPhi",0.0165598800376533,0.026842283681712
"ssp534-over",2195,"n",0.00939899893801287,0.0256890044336956
"ssp534-over",2195,"m",0.00398584538275237,0.0156607518893137
"ssp534-over",2195,"uf",-0.001016584110996,0.00419629066740146
"ssp534-over",2195,"gamma",0.22506682793053,0.257590229109361
"ssp534-over",2195,"UMV",-0.00333132072719598,0.00101262495638765
"ssp534-over",2195,"forcing",0.6907258807669,0.73462748643881
"ssp534-over",2200,"aPhi",0.0165407327108372,0.02702250074254
"ssp534-over",2200,"n",0.00963860640693939,0.0264466967748617
"ssp534-over",2200,"m",0.00440264316748288,0.0164905021038126
"ssp534-over",2200,"uf",-0.00099702786922016,0.00443043934673315
"ssp534-over",2200,"gamma",0.228498049905889,0.261691090209252
"ssp534-over",2200,"UMV",-0.00351248417693769,0.00110663082850915
"ssp534-over",2200,"forcing",0.685010447146961,0.729613403015907
"ssp534-over",2205,"aPhi",0.0165586440766086,0.0272797238834777
"ssp534-over",2205,"n",0.00991273281862802,0.0272956234225861
"ssp534-over",2205,"m",0.0048785516528352,0.0174232282561236
"ssp534-over",2205,"uf",-0.00098359176265743,0.00468245379559373
"ssp534-over",2205,"gamma",0.232712412757251,0.266811656612487
"ssp534-over",2205,"UMV",-0.00371488522642038,0.00120754175414617
"ssp534-over",2205,"forcing",0.678058055253044,0.723541254425346
"ssp534-over",2210,"aPhi",0.0166119717266605,0.027578922996065
"ssp534-over",2210,"n",0.0101537566419304,0.0280858352220106
"ssp534-over",2210,"m",0.00534592780159849,0.018326354516575
"ssp534-over",2210,"uf",-0.000957840262199982,0.00493719990871933
"ssp534-over",2210,"gamma",0.237220715783921,0.272232745260712
"ssp534-over",2210,"UMV",-0.00390532976408486,0.00131345660807247
"ssp534-over",2210,"forcing",0.670843151853787,0.717202781023607
"ssp534-over",2215,"aPhi",0.0166806520289485,0.0279077006040089
"ssp534-over",2215,"n",0.0104613951559298,0.0289788697221941
"ssp534-over",2215,"m",0.0058462087470945,0.0192869850752189
"ssp534-over",2215,"uf",-0.000938978249462278,0.00519134850908498
"ssp534-over",2215,"gamma",0.241986302861194,0.27803935768784
"ssp534-over",2215,"UMV",-0.00411093717935234,0.00141888830473036
"ssp534-over",2215,"forcing",0.663111007910182,0.710425764352085
"ssp534-over",2220,"aPhi",0.0167437225822786,0.0282536256025646
"ssp534-over",2220,"n",0.0107578766706717,0.0298967377197845
"ssp534-over",2220,"m",0.00642386989964304,0.0203542722717299
"ssp534-over",2220,"uf",-0.000887395987289271,0.00548948999699672
"ssp534-over",2220,"gamma",0.24696243053574,0.28408086826911
"ssp534-over",2220,"UMV",-0.00431292776304554,0.00154998398389983
"ssp534-over",2220,"forcing",0.654973089648568,0.703294754545083
"ssp534-over",2225,"aPhi",0.016879688993568,0.0286916648973211
"ssp534-over",2225,"n",0.0110218872515669,0.030758624583797
"ssp534-over",2225,"m",0.00698560789669461,0.0213845012145754
"ssp534-over",2225,"uf",-0.000844200551770473,0.00577719218377393
"ssp534-over",2225,"gamma",0.252750777099882,0.291097449273989
"ssp534-over",2225,"UMV",-0.00451405169444553,0.00167528627778135
"ssp534-over",2225,"forcing",0.645886895651021,0.695301824428879
"ssp534-over",2230,"aPhi",0.0170493265519546,0.0291886887716944
"ssp534-over",2230,"n",0.0113363877533192,0.0317124943361323
"ssp534-over",2230,"m",0.00758103272687546,0.0224755815122287
"ssp534-over",2230,"uf",-0.000797833622292724,0.0060772849296139
"ssp534-over",2230,"gamma",0.259107076130132,0.298801213507525
"ssp534-over",2230,"UMV",-0.00473084665751795,0.00180799107913832
"ssp534-over",2230,"forcing",0.635955108417203,0.686537671064995
"ssp534-over",2235,"aPhi",0.0172189543158657,0.0296763279634098
"ssp534-over",2235,"n",0.011676085020362,0.0326738448708265
"ssp534-over",2235,"m",0.00818187618429913,0.0235547305523767
"ssp534-over",2235,"uf",-0.000758238737249935,0.00635671096250712
"ssp534-over",2235,"gamma",0.265178110175531,0.306268146532408
"ssp534-over",2235,"UMV",-0.00493965600441519,0.00193085185481745
"ssp534-over",2235,"forcing",0.626296340925381,0.678053903831337
"ssp534-over",2240,"aPhi",0.0173799253821936,0.0301628726922397
"ssp534-over",2240,"n",0.0120424518203655,0.0336810186563794
"ssp534-over",2240,"m",0.0088207413759385,0.0246837184939719
"ssp534-over",2240,"uf",-0.000699362669099491,0.00665247271820435
"ssp534-over",2240,"gamma",0.271134408064263,0.31360354826516
"ssp534-over",2240,"UMV",-0.0051443483220287,0.00206646274105793
"ssp534-over",2240,"forcing",0.616681039442561,0.669605769208277
"ssp534-over",2245,"aPhi",0.0175645989581598,0.0306936505793881
"ssp534-over",2245,"n",0.0124512798634587,0.0347590926137309
"ssp534-over",2245,"m",0.00948803737191695,0.0258573936215429
"ssp534-over",2245,"uf",-0.000636480019996486,0.00695459300751755
"ssp534-over",2245,"gamma",0.277374607601104,0.321308191808188
"ssp534-over",2245,"UMV",-0.00535578589381601,0.00220745189407445
"ssp534-over",2245,"forcing",0.606581637058713,0.660721826330021
"ssp534-over",2250,"aPhi",0.0177157791591462,0.0311260062828794
"ssp534-over",2250,"n",0.0127636158806205,0.0355952068602071
"ssp534-over",2250,"m",0.00998816336805336,0.0267496805829323
"ssp534-over",2250,"uf",-0.000561128663814231,0.00720907161371942
"ssp534-over",2250,"gamma",0.28229825106728,0.327234782821481
"ssp534-over",2250,"UMV",-0.00551303953883821,0.00233573115291053
"ssp534-over",2250,"forcing",0.598787906775019,0.653779873957719
"ssp534-over",2255,"aPhi",0.0178912826117383,0.0316417715848797
"ssp534-over",2255,"n",0.013135527437285,0.036594295881144
"ssp534-over",2255,"m",0.0106280535315869,0.0278585760729394
"ssp534-over",2255,"uf",-0.000461388694380762,0.00752035481662838
"ssp534-over",2255,"gamma",0.288089313905328,0.334281740476449
"ssp534-over",2255,"UMV",-0.00569239386209308,0.00249397049067934
"ssp534-over",2255,"forcing",0.589463621387519,0.645515196480392
"ssp534-over",2260,"aPhi",0.0180938684728508,0.0322087811261772
"ssp534-over",2260,"n",0.0135097724901194,0.0376240605774076
"ssp534-over",2260,"m",0.0113603328561411,0.0290806224468042
"ssp534-over",2260,"uf",-0.0003522289275836,0.00785332877106204
"ssp534-over",2260,"gamma",0.294441630273523,0.342123323963794
"ssp534-over",2260,"UMV",-0.00587492388396919,0.0026608313249864
"ssp534-over",2260,"forcing",0.579164814334394,0.636440953574334
"ssp534-over",2265,"aPhi",0.018272838519739,0.0327586080073792
"ssp534-over",2265,"n",0.0139684325401231,0.0387745648810678
"ssp534-over",2265,"m",0.0121582105978576,0.0303915159184402
"ssp534-over",2265,"uf",-0.000242318958612445,0.00818373329139976
"ssp534-over",2265,"gamma",0.300306825307352,0.349554388259815
"ssp534-over",2265,"UMV",-0.00605800282631725,0.00282784779868195
"ssp534-over",2265,"forcing",0.569133651891048,0.627685357807905
"ssp534-over",2270,"aPhi",0.0184874519970488,0.0333521028331688
"ssp534-over",2270,"n",0.0143938600109442,0.0398685507570594
"ssp534-over",2270,"m",0.0129338471571969,0.0316576077756522
"ssp534-over",2270,"uf",-0.000121786697020656,0.00851593543810447
"ssp534-over",2270,"gamma",0.306517066017549,0.357323332790609
"ssp534-over",2270,"UMV",-0.00623205934204329,0.00299963550466642
"ssp534-over",2270,"forcing",0.558817153310549,0.61861761077495
"ssp534-over",2275,"aPhi",0.0187768554651126,0.0340751767813233
"ssp534-over",2275,"n",0.0148479274927471,0.0410717728140771
"ssp534-over",2275,"m",0.013918415823239,0.0331905049877333
"ssp534-over",2275,"uf",1.6515243138926e-05,0.00889913288325428
"ssp534-over",2275,"gamma",0.31425740731263,0.36716730796568
"ssp534-over",2275,"UMV",-0.00642595243964109,0.00318944686015488
"ssp534-over",2275,"forcing",0.545971420789097,0.607398862471188
"ssp534-over",2280,"aPhi",0.0189942442598204,0.0346486677894328
"ssp534-over",2280,"n",0.0152813921585375,0.0421392714593353
"ssp534-over",2280,"m",0.0147807325272735,0.0345132856066415
"ssp534-over",2280,"uf",0.000135435972246772,0.00921120462481484
"ssp534-over",2280,"gamma",0.320114947802838,0.374790951638719
"ssp534-over",2280,"UMV",-0.00657961433858132,0.00334585368508777
"ssp534-over",2280,"forcing",0.535789190515227,0.598575713973039
"ssp534-over",2285,"aPhi",0.01915640335108,0.0351250021135064
"ssp534-over",2285,"n",0.0156547955782423,0.0430741391787861
"ssp534-over",2285,"m",0.0155829498096033,0.0357243798945114
"ssp534-over",2285,"uf",0.000275544857999176,0.00951437841396308
"ssp534-over",2285,"gamma",0.324972245544657,0.381113767695557
"ssp534-over",2285,"UMV",-0.00669854256573295,0.0035055376744787
"ssp534-over",2285,"forcing",0.527163871660158,0.591104608032952
"ssp534-over",2290,"aPhi",0.0194012772658463,0.0357374726843673
"ssp534-over",2290,"n",0.0160596828127089,0.0441025235605882
"ssp534-over",2290,"m",0.0164998416818609,0.0370880210281918
"ssp534-over",2290,"uf",0.000431842684102046,0.00985374403562678
"ssp534-over",2290,"gamma",0.3312051503087,0.389165479740528
"ssp534-over",2290,"UMV",-0.00683492975683774,0.00368220679689335
"ssp534-over",2290,"forcing",0.516491132536982,0.58181049416793
"ssp534-over",2295,"aPhi",0.0196287496980997,0.03636273516885
"ssp534-over",2295,"n",0.0164862204372634,0.045210245369647
"ssp534-over",2295,"m",0.0175828868610994,0.0386615065702322
"ssp534-over",2295,"uf",0.000652050959562462,0.0102643761386153
"ssp534-over",2295,"gamma",0.337659016159472,0.397539352853137
"ssp534-over",2295,"UMV",-0.00696009791470689,0.00390415305166725
"ssp534-over",2295,"forcing",0.505172298851708,0.571975254565096
"ssp534-over",2300,"aPhi",0.019810588535001,0.0368768308434587
"ssp534-over",2300,"n",0.016898279383249,0.0461909196517288
"ssp534-over",2300,"m",0.0184472371757234,0.0399280126006992
"ssp534-over",2300,"uf",0.000823364723904515,0.010580075419104
"ssp534-over",2300,"gamma",0.34244891572505,0.403849091312482
"ssp534-over",2300,"UMV",-0.0070609119404591,0.00407952264250733
"ssp534-over",2300,"forcing",0.496451152675452,0.564415852441275
"ssp585",2020,"aPhi",0.0168829871124352,0.0324611235202421
"ssp585",2020,"n",0.00293929709858885,0.0114750769044811
"ssp585",2020,"m",0.00994549132009914,0.0203878062774702
"ssp585",2020,"uf",-0.00293712120613757,0.00303299333426665
"ssp585",2020,"gamma",0.0286591188316969,0.0803822492768215
"ssp585",2020,"UMV",-0.00381740980343424,0.00228270500730132
"ssp585",2020,"forcing",0.865281207299309,0.915271363908854
"ssp585",2025,"aPhi",0.0110985805913508,0.0239626407472949
"ssp585",2025,"n",0.000166196351992693,0.00708099528281381
"ssp585",2025,"m",0.00882313802273609,0.0183902192951307
"ssp585",2025,"uf",-0.00297397636946221,0.00265192863486685
"ssp585",2025,"gamma",0.0328690417733335,0.0826836774015394
"ssp585",2025,"UMV",-0.00387848896210728,0.00177480683772646
"ssp585",2025,"forcing",0.875601763402315,0.923914128266542
"ssp585",2030,"aPhi",0.00829221106285875,0.0203079243577238
"ssp585",2030,"n",-0.0015202033704848,0.00515141228858551
"ssp585",2030,"m",0.00698203299074273,0.0162645385455887
"ssp585",2030,"uf",-0.00317916178802044,0.00248753353871767
"ssp585",2030,"gamma",0.0399290376778213,0.0889901129392746
"ssp585",2030,"UMV",-0.00401715714124931,0.00159635090457466
"ssp585",2030,"forcing",0.876413312505259,0.924553925689822
"ssp585",2035,"aPhi",0.00739740178267525,0.019115715877032
"ssp585",2035,"n",-0.00175714719397262,0.00497270675587103
"ssp585",2035,"m",0.00734051892845782,0.0165544798423536
"ssp585",2035,"uf",-0.00334817017329869,0.00243645473751797
"ssp585",2035,"gamma",0.0491759021886803,0.0978308456378298
"ssp585",2035,"UMV",-0.00421835440392361,0.00137568567506441
"ssp585",2035,"forcing",0.868439106511051,0.916783725548373
"ssp585",2040,"aPhi",0.00613755711565896,0.0172180654458317
"ssp585",2040,"n",-0.00239045151697329,0.00419716195569397
"ssp585",2040,"m",0.00663086160380473,0.0155490321063405
"ssp585",2040,"uf",-0.00342832034293044,0.00233888964915518
"ssp585",2040,"gamma",0.0586032272245985,0.105865635383097
"ssp585",2040,"UMV",-0.00431884418667067,0.00112342227793749
"ssp585",2040,"forcing",0.863689037893481,0.910956686943813
"ssp585",2045,"aPhi",0.00779344369538095,0.0197483357050542
"ssp585",2045,"n",-0.00244601480424559,0.00496452568478689
"ssp585",2045,"m",0.00628239095101844,0.015381899279225
"ssp585",2045,"uf",-0.00388577236219689,0.00235427983126246
"ssp585",2045,"gamma",0.0883804792807109,0.137513966033397
"ssp585",2045,"UMV",-0.00471487428281962,0.000889945325858288
"ssp585",2045,"forcing",0.829262770304588,0.88048690752479
"ssp585",2050,"aPhi",0.00927824167928159,0.0224063334584582
"ssp585",2050,"n",-0.00238570564763244,0.00603423815530246
"ssp585",2050,"m",0.0065540002463584,0.0159651841900089
"ssp585",2050,"uf",-0.00425914395383979,0.00241737093971972
"ssp585",2050,"gamma",0.118042857232609,0.170771403953933
"ssp585",2050,"UMV",-0.00501652917641531,0.00065052045609082
"ssp585",2050,"forcing",0.79211325365182,0.849496184535502
"ssp585",2055,"aPhi",0.0112572323302447,0.0263166492350558
"ssp585",2055,"n",-0.00285383162777701,0.00703982753525534
"ssp585",2055,"m",0.00474000162983074,0.0146897206993828
"ssp585",2055,"uf",-0.00485030898368399,0.00256101030991396
"ssp585",2055,"gamma",0.151775737507513,0.211058619951907
"ssp585",2055,"UMV",-0.0054023282221554,0.000607215240104653
"ssp585",2055,"forcing",0.748942184811504,0.816587705569937
"ssp585",2060,"aPhi",0.0136016232865036,0.0305258398965131
"ssp585",2060,"n",-0.00343920354550671,0.00808532060207345
"ssp585",2060,"m",0.00270183066108632,0.0131529561957782
"ssp585",2060,"uf",-0.0053070095078698,0.00269621641985862
"ssp585",2060,"gamma",0.191652001227593,0.256734591219088
"ssp585",2060,"UMV",-0.0056175684991708,0.000493008363045111
"ssp585",2060,"forcing",0.700702273598978,0.776963553187162
"ssp585",2065,"aPhi",0.0157354348944288,0.0336585606025207
"ssp585",2065,"n",-0.00401829230539885,0.00907877835342974
"ssp585",2065,"m",0.000151177521119057,0.0109187844802779
"ssp585",2065,"uf",-0.00549842853102106,0.00272786070358022
"ssp585",2065,"gamma",0.226715481136182,0.292762618959303
"ssp585",2065,"UMV",-0.00554541042345908,0.000385910143889556
"ssp585",2065,"forcing",0.664806615273788,0.741215239544258
"ssp585",2070,"aPhi",0.0175452985809412,0.0365227803937913
"ssp585",2070,"n",-0.00413009844923346,0.010589192516952
"ssp585",2070,"m",-0.00191668147313751,0.0093159805869758
"ssp585",2070,"uf",-0.00570470208340546,0.0028410247079651
"ssp585",2070,"gamma",0.254739136937092,0.32275928653688
"ssp585",2070,"UMV",-0.0055570601877172,0.000371184450140727
"ssp585",2070,"forcing",0.634082579952194,0.711766364499831
"ssp585",2075,"aPhi",0.0194241434753061,0.0392953244320957
"ssp585",2075,"n",-0.00371412211641447,0.0129205047868118
"ssp585",2075,"m",-0.00366669122888058,0.00811423258636734
"ssp585",2075,"uf",-0.00580659322709887,0.0029443899435716
"ssp585",2075,"gamma",0.281567589235374,0.350009800198548
"ssp585",2075,"UMV",-0.00546653938101381,0.00037197915545284
"ssp585",2075,"forcing",0.605737447778539,0.681342970190568
"ssp585",2080,"aPhi",0.0214164900176303,0.0427080998730153
"ssp585",2080,"n",-0.00331821290865839,0.0155148321649107
"ssp585",2080,"m",-0.00463619664721846,0.0078893351745023
"ssp585",2080,"uf",-0.00593718480630889,0.00304742392991897
"ssp585",2080,"gamma",0.3076811749304,0.378018505120054
"ssp585",2080,"UMV",-0.00533313121193455,0.00042102505078423
"ssp585",2080,"forcing",0.575079052358136,0.650432855227435
"ssp585",2085,"aPhi",0.0226287511856159,0.0443245735567427
"ssp585",2085,"n",-0.00177851731871685,0.0189530980518025
"ssp585",2085,"m",-0.00545567403439155,0.00768219583585827
"ssp585",2085,"uf",-0.00592556337499225,0.00320616735901791
"ssp585",2085,"gamma",0.32531702344877,0.395085400540897
"ssp585",2085,"UMV",-0.00528832585262325,0.000435581053875977
"ssp585",2085,"forcing",0.556115434393721,0.627269138011816
"ssp585",2090,"aPhi",0.0239735132299732,0.0462954983899431
"ssp585",2090,"n",0.000252103372915632,0.0231643626115767
"ssp585",2090,"m",-0.00571263729813094,0.00821632372763992
"ssp585",2090,"uf",-0.00589773790792121,0.00343205643834632
"ssp585",2090,"gamma",0.343893522195104,0.413930463139819
"ssp585",2090,"UMV",-0.00525552951902521,0.000462579201236824
"ssp585",2090,"forcing",0.533802087624767,0.601570909917392
"ssp585",2095,"aPhi",0.0246924544818095,0.0469995957734418
"ssp585",2095,"n",0.00318427205122936,0.027968029965638
"ssp585",2095,"m",-0.00528437090309991,0.00932754564674998
"ssp585",2095,"uf",-0.00571713411770937,0.00367089911812457
"ssp585",2095,"gamma",0.354740489827031,0.423342145024891
"ssp585",2095,"UMV",-0.00522339850266885,0.000461157533735768
"ssp585",2095,"forcing",0.520693748566674,0.582574534737707
"ssp585",2100,"aPhi",0.0253033933164057,0.0475438038314319
"ssp585",2100,"n",0.00643928114509533,0.0329582329004549
"ssp585",2100,"m",-0.00434819178256881,0.0109622663234648
"ssp585",2100,"uf",-0.00547994788725068,0.00397538506305195
"ssp585",2100,"gamma",0.363966068507976,0.431454244129745
"ssp585",2100,"UMV",-0.00521425231784643,0.000456894043078471
"ssp585",2100,"forcing",0.507997726141965,0.56471148610603
"ssp585",2105,"aPhi",0.0256841880919137,0.0477007681780985
"ssp585",2105,"n",0.0102583625580722,0.0383703916030048
"ssp585",2105,"m",-0.00292749098105801,0.0130838678065868
"ssp585",2105,"uf",-0.00517729404053689,0.00434590171730298
"ssp585",2105,"gamma",0.370586609790054,0.437136188465802
"ssp585",2105,"UMV",-0.00524314196597466,0.000441497825098836
"ssp585",2105,"forcing",0.496858418848348,0.548953701116805
"ssp585",2110,"aPhi",0.02606130778875,0.0476453887017257
"ssp585",2110,"n",0.0150329297734747,0.0446657804677089
"ssp585",2110,"m",-0.0007350894743903,0.0160558397808516
"ssp585",2110,"uf",-0.00470094470701494,0.00492755121520028
"ssp585",2110,"gamma",0.377364503730715,0.44297390866078
"ssp585",2110,"UMV",-0.00530615066869505,0.000425996452994459
"ssp585",2110,"forcing",0.483676784386723,0.531260093646365
"ssp585",2115,"aPhi",0.0262591868351397,0.0473330653332842
"ssp585",2115,"n",0.020085804609193,0.0510929408473355
"ssp585",2115,"m",0.00187931298393479,0.0194316021891152
"ssp585",2115,"uf",-0.00414731657960977,0.00556101321433011
"ssp585",2115,"gamma",0.381871610789288,0.446569614443565
"ssp585",2115,"UMV",-0.00535816292035373,0.000421464114866654
"ssp585",2115,"forcing",0.472125168837565,0.515550192091245
"ssp585",2120,"aPhi",0.026229851669671,0.0464770832536716
"ssp585",2120,"n",0.0261779653423789,0.0583296863237045
"ssp585",2120,"m",0.00529333730738922,0.0236082427886156
"ssp585",2120,"uf",-0.00337865069682669,0.00639638896612538
"ssp585",2120,"gamma",0.383870928739032,0.447360322190806
"ssp585",2120,"UMV",-0.00541687625893079,0.000434133299799022
"ssp585",2120,"forcing",0.461690146293978,0.500967357339117
"ssp585",2125,"aPhi",0.0261791653432114,0.0457778755286453
"ssp585",2125,"n",0.0319100349561071,0.0652232894433353
"ssp585",2125,"m",0.00878116423460647,0.0278578552226868
"ssp585",2125,"uf",-0.00262460857348863,0.0071900217025741
"ssp585",2125,"gamma",0.385160905901001,0.447700579313637
"ssp585",2125,"UMV",-0.00542998463453861,0.000469258516280879
"ssp585",2125,"forcing",0.451848797865149,0.487393066850476
"ssp585",2130,"aPhi",0.0260724447750497,0.0450083893374978
"ssp585",2130,"n",0.0380921584545333,0.0725375507209125
"ssp585",2130,"m",0.0126846258477984,0.0325598294647457
"ssp585",2130,"uf",-0.00178640506400556,0.0080772305233392
"ssp585",2130,"gamma",0.385788362994487,0.447611314682182
"ssp585",2130,"UMV",-0.00543687290521392,0.000525437721021538
"ssp585",2130,"forcing",0.441419379951,0.473769592043175
"ssp585",2135,"aPhi",0.0259281813826304,0.0442064672229501
"ssp585",2135,"n",0.0442390962001491,0.079664158251161
"ssp585",2135,"m",0.0167100113911792,0.0373458052842431
"ssp585",2135,"uf",-0.000905293238584895,0.00901080362030104
"ssp585",2135,"gamma",0.385807816013836,0.447067137002412
"ssp585",2135,"UMV",-0.00542998340250215,0.000605121038712575
"ssp585",2135,"forcing",0.43124357339212,0.461031441919123
"ssp585",2140,"aPhi",0.0257289363423334,0.0432837355295342
"ssp585",2140,"n",0.0509208849938632,0.087259438664083
"ssp585",2140,"m",0.0212319091595303,0.0426558530698073
"ssp585",2140,"uf",0.000113239981250579,0.0100841090578057
"ssp585",2140,"gamma",0.385148323194043,0.445854305505349
"ssp585",2140,"UMV",-0.00539972533481734,0.000722148962379876
"ssp585",2140,"forcing",0.420555390017013,0.448038559874278
"ssp585",2145,"aPhi",0.0255894857248652,0.0424614774428752
"ssp585",2145,"n",0.057868487330272,0.0951126057917363
"ssp585",2145,"m",0.0261522603434881,0.0484058364490295
"ssp585",2145,"uf",0.00123926335689813,0.011292031667035
"ssp585",2145,"gamma",0.385134731287966,0.445491594968507
"ssp585",2145,"UMV",-0.00534503401171064,0.00088248468391694
"ssp585",2145,"forcing",0.408000264123508,0.43365767090351
"ssp585",2150,"aPhi",0.0253542051164588,0.041552819890161
"ssp585",2150,"n",0.0646966283696901,0.102740423922834
"ssp585",2150,"m",0.0310388534129375,0.0540711588797357
"ssp585",2150,"uf",0.00237068688849897,0.0124762048686046
"ssp585",2150,"gamma",0.383773033247523,0.443736509147319
"ssp585",2150,"UMV",-0.00526169173689542,0.00106136965948822
"ssp585",2150,"forcing",0.3970743524854,0.421083350463527
"ssp585",2155,"aPhi",0.0250917394002337,0.0406537765528442
"ssp585",2155,"n",0.0715443344879971,0.11036702201305
"ssp585",2155,"m",0.0360425017659925,0.059851759838136
"ssp585",2155,"uf",0.00353355179798975,0.0136818593396903
"ssp585",2155,"gamma",0.38194384333839,0.441561800437662
"ssp585",2155,"UMV",-0.00515264145360956,0.00126264343974791
"ssp585",2155,"forcing",0.386361886340626,0.408894446381985
"ssp585",2160,"aPhi",0.0247629250665564,0.0396502852411197
"ssp585",2160,"n",0.0789558485278835,0.11852376718094
"ssp585",2160,"m",0.0414187133983734,0.0660318468753547
"ssp585",2160,"uf",0.00479719052596855,0.0149863323461372
"ssp585",2160,"gamma",0.379356278836343,0.438654728464083
"ssp585",2160,"UMV",-0.00501376735917973,0.00150354684528375
"ssp585",2160,"forcing",0.375344771392011,0.396650048714962
"ssp585",2165,"aPhi",0.0243857968455208,0.0385897965737563
"ssp585",2165,"n",0.0862213968721595,0.126383496951843
"ssp585",2165,"m",0.0468253080968819,0.0721830557175558
"ssp585",2165,"uf",0.0061288055657973,0.0163399984999033
"ssp585",2165,"gamma",0.375928871731112,0.434761197777543
"ssp585",2165,"UMV",-0.00483145346570137,0.00178852907040761
"ssp585",2165,"forcing",0.365386395588375,0.385592690207502
"ssp585",2170,"aPhi",0.0240227445811964,0.0376793259455168
"ssp585",2170,"n",0.0922939221779727,0.13293760316131
"ssp585",2170,"m",0.05137168161974,0.0773434842021407
"ssp585",2170,"uf",0.00725289183540648,0.017463521027383
"ssp585",2170,"gamma",0.372358913013084,0.430785520776566
"ssp585",2170,"UMV",-0.00465660983561712,0.00204089648357797
"ssp585",2170,"forcing",0.35777779748897,0.377094360906485
"ssp585",2175,"aPhi",0.02362763598076,0.036736263024968
"ssp585",2175,"n",0.0988090051252052,0.139949383401863
"ssp585",2175,"m",0.0561217726551787,0.0827400555711137
"ssp585",2175,"uf",0.00841741513969023,0.0186311568428715
"ssp585",2175,"gamma",0.368490472211975,0.426592296661938
"ssp585",2175,"UMV",-0.00446348273809285,0.00231721532043461
"ssp585",2175,"forcing",0.349668091878582,0.36830684818583
"ssp585",2180,"aPhi",0.0232982821376379,0.0359317520791432
"ssp585",2180,"n",0.105136742030763,0.146795067490456
"ssp585",2180,"m",0.0609018904659298,0.0881725270350358
"ssp585",2180,"uf",0.00959288982639075,0.0198215994171836
"ssp585",2180,"gamma",0.365306238253989,0.423178067673196
"ssp585",2180,"UMV",-0.0042561172227023,0.00261059720581669
"ssp585",2180,"forcing",0.34076706055718,0.358865033219366
"ssp585",2185,"aPhi",0.0229139582122482,0.0350837497263206
"ssp585",2185,"n",0.11111443942206,0.153185273740737
"ssp585",2185,"m",0.06546192155983,0.0933183826592064
"ssp585",2185,"uf",0.010752630748887,0.0209687877971816
"ssp585",2185,"gamma",0.361231959818518,0.418745027796711
"ssp585",2185,"UMV",-0.00402665093616829,0.00291571068078211
"ssp585",2185,"forcing",0.333560408126822,0.351105089323299
"ssp585",2190,"aPhi",0.02263948626183,0.034423050430453
"ssp585",2190,"n",0.117168405224007,0.159742086666434
"ssp585",2190,"m",0.0702058456498521,0.0986989906743917
"ssp585",2190,"uf",0.0119341589412436,0.0221735120256059
"ssp585",2190,"gamma",0.358558465287673,0.415928758405431
"ssp585",2190,"UMV",-0.00379288483086661,0.00323785544826671
"ssp585",2190,"forcing",0.324201716739215,0.341428416242912
"ssp585",2195,"aPhi",0.0223095732035322,0.0337151937433987
"ssp585",2195,"n",0.123097896163838,0.166124340072826
"ssp585",2195,"m",0.0748282771064084,0.10392513697465
"ssp585",2195,"uf",0.0130980831122896,0.023338466744934
"ssp585",2195,"gamma",0.355090153148678,0.412251153137599
"ssp585",2195,"UMV",-0.00354434577500112,0.00356484484148023
"ssp585",2195,"forcing",0.316049218848509,0.332947339284812
"ssp585",2200,"aPhi",0.0219473303230699,0.0329774665755509
"ssp585",2200,"n",0.129113027399029,0.172553465058994
"ssp585",2200,"m",0.0795178419695819,0.109209035475729
"ssp585",2200,"uf",0.0143025850008598,0.024534833574605
"ssp585",2200,"gamma",0.351150270102859,0.408050582096552
"ssp585",2200,"UMV",-0.00326897262882945,0.0039195747374734
"ssp585",2200,"forcing",0.308233651869569,0.324856619416125
"ssp585",2205,"aPhi",0.0215853407961033,0.0322574430875585
"ssp585",2205,"n",0.135465459884257,0.179362840900628
"ssp585",2205,"m",0.0845098361504625,0.114838175064503
"ssp585",2205,"uf",0.015578409320495,0.0258072076298225
"ssp585",2205,"gamma",0.347213422336987,0.403898878120226
"ssp585",2205,"UMV",-0.00296732610127597,0.0043058292305036
"ssp585",2205,"forcing",0.299579039612511,0.316001440897567
"ssp585",2210,"aPhi",0.0212460448205452,0.0316053385178071
"ssp585",2210,"n",0.141356421930343,0.185656423335671
"ssp585",2210,"m",0.0892011867934165,0.120114453549822
"ssp585",2210,"uf",0.0167981453574073,0.0270210633262477
"ssp585",2210,"gamma",0.343440386081599,0.399904627926583
"ssp585",2210,"UMV",-0.00266386545903475,0.00469018439313296
"ssp585",2210,"forcing",0.291561549374294,0.307852060881685
"ssp585",2215,"aPhi",0.0208830100608909,0.0309418878107397
"ssp585",2215,"n",0.147455727504958,0.192173791988286
"ssp585",2215,"m",0.0939994747490853,0.125515492146571
"ssp585",2215,"uf",0.0180367050725416,0.0282494101710024
"ssp585",2215,"gamma",0.339365779882624,0.39562679956044
"ssp585",2215,"UMV",-0.00234362905384726,0.00508974848130395
"ssp585",2215,"forcing",0.283485820707887,0.299694389967866
"ssp585",2220,"aPhi",0.0205025164720475,0.0302770118613773
"ssp585",2220,"n",0.153697903854587,0.198835056223896
"ssp585",2220,"m",0.0990192168339193,0.131151782861196
"ssp585",2220,"uf",0.0193522891842471,0.0295476476429075
"ssp585",2220,"gamma",0.334979743040358,0.391007906538723
"ssp585",2220,"UMV",-0.00198930795843798,0.00552570859052615
"ssp585",2220,"forcing",0.275271175723937,0.291413383761613
"ssp585",2225,"aPhi",0.0201739718077679,0.0297133146366078
"ssp585",2225,"n",0.159480693756793,0.205006930465732
"ssp585",2225,"m",0.103735385573726,0.136442256503951
"ssp585",2225,"uf",0.0205977913006955,0.0307848126038698
"ssp585",2225,"gamma",0.331183850876456,0.38701754911188
"ssp585",2225,"UMV",-0.001643571278098,0.0059525401633197
"ssp585",2225,"forcing",0.267200463331971,0.283359824790438
"ssp585",2230,"aPhi",0.01981236147897,0.0291234205322072
"ssp585",2230,"n",0.16552307904965,0.211438399337145
"ssp585",2230,"m",0.108615522898334,0.141912880719817
"ssp585",2230,"uf",0.0218934424485011,0.0320656413877616
"ssp585",2230,"gamma",0.326944157446957,0.38256112281577
"ssp585",2230,"UMV",-0.00126821760762298,0.00641027101150804
"ssp585",2230,"forcing",0.259113486842769,0.275332750474121
"ssp585",2235,"aPhi",0.0194753718047806,0.0285955817229394
"ssp585",2235,"n",0.17119499982744,0.217490027134808
"ssp585",2235,"m",0.113188772629847,0.147045207576761
"ssp585",2235,"uf",0.0230953708320623,0.0332533234524175
"ssp585",2235,"gamma",0.32296983577992,0.378416433642456
"ssp585",2235,"UMV",-0.000911755015443382,0.00684110615465217
"ssp585",2235,"forcing",0.25148547776558,0.267792740535413
"ssp585",2240,"aPhi",0.0191168867201266,0.0280621295306978
"ssp585",2240,"n",0.176867045015994,0.223529574628515
"ssp585",2240,"m",0.117760185974293,0.152169777015939
"ssp585",2240,"uf",0.024305809787614,0.0344403705406412
"ssp585",2240,"gamma",0.318656779707942,0.373911253196824
"ssp585",2240,"UMV",-0.000539497664567084,0.00728458216958128
"ssp585",2240,"forcing",0.24421979722446,0.260627684760429
"ssp585",2245,"aPhi",0.0187438719855828,0.0275304930028176
"ssp585",2245,"n",0.18260600363285,0.229632293384855
"ssp585",2245,"m",0.122356085826285,0.157320775122826
"ssp585",2245,"uf",0.0255259286805653,0.0356326049490655
"ssp585",2245,"gamma",0.314113270531807,0.36916835939753
"ssp585",2245,"UMV",-0.000151362323494483,0.00774268279479806
"ssp585",2245,"forcing",0.237082539901874,0.253623230687652
"ssp585",2250,"aPhi",0.0184258233657295,0.0271005485152879
"ssp585",2250,"n",0.186983947160654,0.234248832366768
"ssp585",2250,"m",0.125836732320695,0.161207860626601
"ssp585",2250,"uf",0.0264826766543488,0.0365558613673987
"ssp585",2250,"gamma",0.310146035030593,0.364980965514953
"ssp585",2250,"UMV",0.000170104437543133,0.008117232823597
"ssp585",2250,"forcing",0.232226864598048,0.248883975872426
"ssp585",2255,"aPhi",0.0180665494505685,0.0266326861922713
"ssp585",2255,"n",0.192037681910257,0.239593864773756
"ssp585",2255,"m",0.129911354369762,0.165759391907522
"ssp585",2255,"uf",0.027598648632255,0.0376337009286674
"ssp585",2255,"gamma",0.305631108711445,0.360234885573261
"ssp585",2255,"UMV",0.000549346381371233,0.00855739845935111
"ssp585",2255,"forcing",0.226430383898757,0.2432392292377
"ssp585",2260,"aPhi",0.0177260632061171,0.0262056636311713
"ssp585",2260,"n",0.197165287711309,0.245042124231391
"ssp585",2260,"m",0.134148419990018,0.17049321419342
"ssp585",2260,"uf",0.0287508471203372,0.0387535689447887
"ssp585",2260,"gamma",0.301332657267659,0.355741597208089
"ssp585",2260,"UMV",0.000942105498185787,0.00901415096815883
"ssp585",2260,"forcing",0.220039826411145,0.237029083470313
"ssp585",2265,"aPhi",0.0173754670734202,0.02578184354886
"ssp585",2265,"n",0.202347845248943,0.25056496469387
"ssp585",2265,"m",0.138381737369396,0.175233359662359
"ssp585",2265,"uf",0.0298792379088053,0.0398453475581868
"ssp585",2265,"gamma",0.296876325797516,0.351122719635231
"ssp585",2265,"UMV",0.00133286440958476,0.00946249117365561
"ssp585",2265,"forcing",0.213757550489903,0.230935762165255
"ssp585",2270,"aPhi",0.0170396827769037,0.0253949498656405
"ssp585",2270,"n",0.20724922445691,0.255773107964435
"ssp585",2270,"m",0.142414421940552,0.179739800579606
"ssp585",2270,"uf",0.0309746595613844,0.0409042288681618
"ssp585",2270,"gamma",0.292556245839099,0.346622837186972
"ssp585",2270,"UMV",0.00172393499646918,0.00991090042748788
"ssp585",2270,"forcing",0.207861535715064,0.2252498258199
"ssp585",2275,"aPhi",0.0167034782076642,0.025024465256658
"ssp585",2275,"n",0.212719963192658,0.261618524670072
"ssp585",2275,"m",0.147076036801786,0.18494738072174
"ssp585",2275,"uf",0.0322265211245754,0.0421274080274204
"ssp585",2275,"gamma",0.288216957071076,0.342135066384888
"ssp585",2275,"UMV",0.00216767419505645,0.0104231882925677
"ssp585",2275,"forcing",0.200468899940002,0.218119119700609
"ssp585",2280,"aPhi",0.0164201960379178,0.0247229172131185
"ssp585",2280,"n",0.217190141181742,0.26640163215092
"ssp585",2280,"m",0.150854538214837,0.189173667233122
"ssp585",2280,"uf",0.0332266691005788,0.0430997286656649
"ssp585",2280,"gamma",0.284526394432805,0.338339626531832
"ssp585",2280,"UMV",0.00252801554978994,0.0108340718904383
"ssp585",2280,"forcing",0.194624495664902,0.212491943679702
"ssp585",2285,"aPhi",0.0161606267329355,0.0244595034974516
"ssp585",2285,"n",0.221020977876957,0.270492519950697
"ssp585",2285,"m",0.154133046894659,0.192832896995169
"ssp585",2285,"uf",0.0341091896050054,0.0439504661150308
"ssp585",2285,"gamma",0.281103451180633,0.334805283165363
"ssp585",2285,"UMV",0.00285292512965126,0.0112012132812502
"ssp585",2285,"forcing",0.189830985458098,0.207889858438515
"ssp585",2290,"aPhi",0.0158790482284862,0.0241871655731546
"ssp585",2290,"n",0.225323109243351,0.275082818813743
"ssp585",2290,"m",0.157849974197857,0.196976485093022
"ssp585",2290,"uf",0.035117412582025,0.0449272417540041
"ssp585",2290,"gamma",0.277365810197648,0.330937913963029
"ssp585",2290,"UMV",0.00323039162269977,0.0116299262964062
"ssp585",2290,"forcing",0.184256341744775,0.202556894454318
"ssp585",2295,"aPhi",0.0155641232900933,0.0238993554381496
"ssp585",2295,"n",0.229894195048735,0.279957257435183
"ssp585",2295,"m",0.161879629354801,0.201459102069562
"ssp585",2295,"uf",0.036225361767776,0.045993473971699
"ssp585",2295,"gamma",0.273145305430796,0.326563996664554
"ssp585",2295,"UMV",0.00365172027577876,0.012104846244804
"ssp585",2295,"forcing",0.178468294198634,0.197034307266303
"ssp585",2300,"aPhi",0.0153000675629847,0.0236635570732664
"ssp585",2300,"n",0.23354682314993,0.283847595723962
"ssp585",2300,"m",0.165003650038355,0.204941000990864
"ssp585",2300,"uf",0.0370768491404721,0.046806907860827
"ssp585",2300,"gamma",0.2695777439575,0.32287485550521
"ssp585",2300,"UMV",0.00398519494495139,0.0124761302817092
"ssp585",2300,"forcing",0.174193190933639,0.192979423455358
